Datum,Uhrzeit,Ort,Vergeben
02.10.2026,12:30,Homestudio,TRUE
02.10.2026,16:00,Homestudio,TRUE
03.10.2026,12:30,Homestudio,TRUE
04.10.2026,09:00,Homestudio,TRUE
04.10.2026,12:30,Homestudio,FALSE
04.10.2026,16:00,Homestudio,FALSE
11.10.2026,09:00,Homestudio,TRUE
11.10.2026,12:30,Homestudio,TRUE
11.10.2026,16:00,Homestudio,TRUE
15.10.2026,09:30,Pforzheim,FALSE
18.10.2026,09:00,Homestudio,TRUE
18.10.2026,12:30,Homestudio,TRUE
18.10.2026,16:00,Homestudio,TRUE
22.10.2026,09:30,Pforzheim,FALSE
25.10.2026,09:00,Homestudio,FALSE
25.10.2026,12:30,Homestudio,TRUE
25.10.2026,16:00,Homestudio,TRUE
29.10.2026,09:30,Pforzheim,TRUE
